1,Петров,Сергей,89158322456,Помшушцуша мукмцукм мукцмц мцукм
2,Викторов,Антон,94862467049,УЩЫЛАьмьше екущеьииь уеуеуи иекукеиу иуке
3,Сидоров,Вазген,9658774883,Аымекек пкцец мекмукц мцукц
4,Ручкин,Артем,8239967733,ВФммец олшш90 мкццм шлшщццм цц
5,Прилепин,Андрей,92344777544,Аыф щыщпт щыщмы ываыв ывамы ымвамы
6,Виноградов,Геннадий,9123499944,Аауцкацуацуш шшшшу уашша уашуа уыа
7,Алексеев,Алексей,928716788398,ВФм вафщшщыв ошыфыовф отфмтагфатфм ва
8,Гришин,Человек,98831423488,Ввоошлатмтав тмтоватыва ваымаыаыва
9,Филимонов,Виктор,12312388313,Фвава фвафвафа фывфыва
10,Петров,Сергей,89158322456,Помшушцуша мукмцукм мукцмц мцукм
11,Викторов,Антон,94862467049,УЩЫЛАьмьше екущеьииь уеуеуи иекукеиу иуке
12,Сидоров,Вазген,9658774883,Аымекек пкцец мекмукц мцукц
13,Ручкин,Артем,8239967733,ВФммец олшш90 мкццм шлшщццм цц
14,Прилепин,Андрей,92344777544,Аыф щыщпт щыщмы ываыв ывамы ымвамы
15,Виноградов,Геннадий,9123499944,Аауцкацуацуш шшшшу уашша уашуа уыа
16,Алексеев,Алексей,928716788398,ВФм вафщшщыв ошыфыовф отфмтагфатфм ва
17,Гришин,Человек,98831423488,Ввоошлатмтав тмтоватыва ваымаыаыва
18,Филимонов,Виктор,12312388313,Фвава фвафвафа фывфыва
19,Петров,Сергей,89158322456,Помшушцуша мукмцукм мукцмц мцукм
20,Викторов,Антон,94862467049,УЩЫЛАьмьше екущеьииь уеуеуи иекукеиу иуке
21,Сидоров,Вазген,9658774883,Аымекек пкцец мекмукц мцукц
22,Ручкин,Артем,8239967733,ВФммец олшш90 мкццм шлшщццм цц
23,Прилепин,Андрей,92344777544,Аыф щыщпт щыщмы ываыв ывамы ымвамы
24,Виноградов,Геннадий,9123499944,Аауцкацуацуш шшшшу уашша уашуа уыа
25,Алексеев,Алексей,928716788398,ВФм вафщшщыв ошыфыовф отфмтагфатфм ва
26,Гришин,Человек,98831423488,Ввоошлатмтав тмтоватыва ваымаыаыва
27,Филимонов,Виктор,12312388313,Фвава фвафвафа фывфыва
28,Петров,Сергей,89158322456,Помшушцуша мукмцукм мукцмц мцукм
29,Викторов,Антон,94862467049,УЩЫЛАьмьше екущеьииь уеуеуи иекукеиу иуке
30,Сидоров,Вазген,9658774883,Аымекек пкцец мекмукц мцукц
31,Ручкин,Артем,8239967733,ВФммец олшш90 мкццм шлшщццм цц
32,Прилепин,Андрей,92344777544,Аыф щыщпт щыщмы ываыв ывамы ымвамы
33,Виноградов,Геннадий,9123499944,Аауцкацуацуш шшшшу уашша уашуа уыа
34,Алексеев,Алексей,928716788398,ВФм вафщшщыв ошыфыовф отфмтагфатфм ва
35,Гришин,Человек,98831423488,Ввоошлатмтав тмтоватыва ваымаыаыва
36,Филимонов,Виктор,12312388313,Фвава фвафвафа фывфыва
